prompt,iteration,model1_response,model2_response,preferred,notes,timestamp
What is the meaning of life?,0,"what is the meaning of life? ""the great jane austen cycle films out of every time i saw it has its concept with its age, and that can also rolling in which she has a cult show in games"" women are great british myself, maybe won't like to those fireside ""this is big that time when","what is the meaning of life? after seeing this film is one of the most amazing movies ever produced, but i can be very convincing favorite kind of kids go in smoochy"", which hopefully people, a cinder girl becoming rarer a real (as is paul lukas plays the music is good, and friendship. it is action",No preference,,2025-08-26 01:43:32
Tell me about your favorite movie,0,"tell me about your favorite movie do i had no idea what it was probably get across, it to me was not only to go over the special effects in skye) and the story of all, no idea of an effort over the way it was getting how much stronger by today's $10 movies will be","tell me about your favorite movie being a giant monster day concert with all the characters are generally alright and the way begin in such a lot of moment in the way. romp through the fact that we are very quickly hooked. the princess, answering her beauty (elizabeth taylor), into context of course, there are presented",No preference,,2025-08-26 01:43:32
How does neural network work?,0,"how does <unk> network work? stop many reviewers seem to say that sounded ridiculous. this is probably one of the basic yakuza opus the most sincere and these days, if you aren't own, grossly inferior, version. however, the fantasy not there. way this movie is hardly a lot of different person. and nothing is glorious","how does <unk> network work? comedy about a ceylonese tea plantation... so about the early day and rich golden palm death. !!!spoilers!!! i think anyone who are about the way they will start appreciating the stairs, when the marijuana thing about them. i saw it, and i'm talking on tv series would be why to",No preference,,2025-08-26 01:43:32
Explain quantum physics in simple terms,0,"explain quantum physics in simple terms films list for the santa barbara film festival, where i had a stylised want to the rise of many other andrew (andrew miller) were great, i was told as an especially the opening title role, not charming and his few scenes may not know why the main comparative point is","explain quantum physics in simple terms is one of the best frank but am not a bad special effects are spectacular. bad film. but not only a bad film. something that with the special place in the way of the violence is supposed to be that he is a big laughs, is a good scenes that",No preference,,2025-08-26 01:43:32
What are the benefits of meditation?,0,"what are the benefits of <unk> well, responds him: yes. in this one was ninotchka one of the most visually the basic is the most beautiful as others ever made. it's glory, but by the world, and most sincere and gaiety movies have, is played a beautiful as well. a unique portrayal of the film, as","what are the benefits of <unk> rock and james cagney in this one of the early demille is that it is known to the most famous of the most visually stunning films such as the eyes. the say, and story is very hard to the most of the actors do not treat the context of the",No preference,,2025-08-26 01:43:32
Describe a perfect day,0,"describe a perfect day for god bless this film is what makes the top quality of the opera"", and you will come well, this film footage is perfectly cast has been normal. it has a real very different person. the fantasy i know that we done no heir to watching this film with mr.","describe a perfect day comedy farce of world and the subject over nyc on a new york. and the two wander is the film in the last year 2000. obviously was meant to get a lesbian. i am talking about. and they're that stood out well, and then with splendid shots of nazi germany",No preference,,2025-08-26 01:43:32
What is the best programming language for AI?,0,"what is the best programming language for <unk> i love the characters are believable, the imdb if you would make the whole idea of those who have the movie very interesting, or and friendship. it had to the animation was staged, of the show singing and the courage of the time lapse photography, unusual colors, or the jessica","what is the best programming language for <unk> those who likes it, but <unk> sturges movie by the original stories. the original drum and am talking you down to see a wonderful movie. it is great, classic, as well as portrayed in the lies and dungeons plays the real world. the devotion and truthful husband is great, ms.",No preference,,2025-08-26 01:43:32
How to make a cake?,0,"how to make a <unk> well, things aren't going well. it's one of the quiet, introspective, i love to the lowest cast, you get back in front of the way first, answer is no matter of the closest cast and the two things go on. writers probably shouldn't get a young child and it's not","how to make a <unk> fan of the world go to get a specific time and it was the same time, since then away. well, dave (david hewlett) and female to believe that we got with the first episode of an adventure we get in the other people were fine performance was driving. his princess",No preference,,2025-08-26 01:43:32
What are the challenges of space exploration?,0,"what are the challenges of space <unk> hot <unk> presented as ""the space script and probably the importance of the lesser extent, the definitive 30's are a hybrid space film with a lot of its release because it pretty much replay mr. burr's ironside. i stumble upon a shrink who is miss steve correll and it hope","what are the challenges of space <unk> a slasher genre with <unk> ""still crazy"" with <unk> ""still crazy"" is a new action, and it has a noted cool on earth, strange fruit, where a successful genre has the second season where it's really poignant whole. i can <unk> as a <unk> based on incidents of the film.",No preference,,2025-08-26 01:43:32
Tell me a joke,0,"tell me a joke that i was 8 at mario lanza. he made his movies made taking place in fact, there's hardly anything, instead of course they should have still crazy and again to be either optioned or never gotten 111)...but that's what i didn't like it was given it. it was so if","tell me a joke to end. dark angel is a film of all time. it is a shocking day. it is not even chips or unnecessary and at such behaviour, but is a successful sit-com then things for ""amelie,"" this movie ""san film is much closer in a classic. not the viewer you are",No preference,,2025-08-26 01:43:32
What is artificial intelligence?,0,"what is artificial <unk> i mean the movie <unk> it was a great plot that doesn't of a shocking thing i would see it, don't think it were all but it has been <unk> the eyes. the dvd, because of a short (stubbs the plot, being too common denominator, the movie being too preachy","what is artificial <unk> the latest fad are fairly episodes i saw it is a well quite a ancient china and well through geneva i remember seeing it is, piece of the classroom one of the very fake characters because the better than people were bikinis! this was any film was shown in the",No preference,,2025-08-26 01:43:32
How to learn programming effectively?,0,"how to learn programming <unk> witherspoon high school film is a super mario 64 since then it's equally brilliant. difficult moral and half because it doesn't have psychological thriller that 3 times upon a dozen times(it's you up in his way before sunrise is fantastic, the plot is no money and you this, are not",how to learn programming <unk> 70's. fall if you don't say that this movie is intriguing. it is the way through. you don't know that i am talking i am a fan and 3. james cameron! please ignore jessica alba and certain personality and i'll admit i know how he hasn't seen this play you'll,No preference,,2025-08-26 01:43:32
What makes a good leader?,0,"what makes a good <unk> i see this movie was a fairly unknown to show only a few others, i watched this is a very entertaining story that can only to be watched every day and especially that you up this was amazing with a ok mostly could bad film. it is very good performance",what makes a good <unk> is the best show ever. i can remember the actors are equally people were rather than families as intelligent <unk> fan and over the truth in the genre are great. i ever seen in the principals. <unk> that little bunny foo was perfect examples. the special class and acting was,No preference,,2025-08-26 01:43:32
Describe the plot of your favorite book,0,"describe the plot of your favorite book by tim krabbé who wrote the original drum and pterodactyl, dweeb the same time, it also lovely, a movie is fascinating in which will be both engaging and more lyric. the same time, but the clods at the sting is one of the sequels are a surprise emotional intensity of","describe the plot of your favorite book a few episodes in this film because it was an older gentleman to we actually was a little attention to men have been <unk> at the <unk> glad i suppose if we were a kung fu movie again, film on a wedding that time. i had to me remember my",No preference,,2025-08-26 01:43:32
What are the ethical implications of AI?,0,"what are the ethical implications of <unk> version is presented as if it came out movies. it's a very interesting plot isn't particularly the inner workings times , the reviews suggested (a typically spry film. it's really a very good plots. the youthful glory than the direction of the viewer the film shows taylor clashing because it","what are the ethical implications of <unk> crime drama, the community me strange fruit, a rock comedy extravaganzas. on the academy. mr. way by the strange fruit, a (fictional) 70's stadium rock group do. tony (stephen rea) has the concession on condom vending machines when he runs into the son of the promoter of a famous music",No preference,,2025-08-26 01:43:32
What did you think of the latest Batman movie?,0,"what did you think of the latest batman movie? tv started! it was one over the verger, which is familiar with one of the most famous time. it is something in 1939. the entire cast is a very interesting script and one of the biggest tragedies ever. you have been shown in christopher eccleston, discovered the action is light,","what did you think of the latest batman movie? did, they had a video camera the fight crime we had to believe that we got all the books group when we would be bad or even when we got all the conflict that the people were wonderful. i thought that bad because it was curious to expect from being",No preference,,2025-08-26 01:43:32
Can you recommend a good comedy film?,0,"can you recommend a good comedy film? in a bad film. no less) visiting men behaving badly, from fans of the mainstream hollywood convention you will definetly change. the film was some people get from jumping victims; any work come from joe sarno way to think that rule. the core - co-author of acting. and doesn't do","can you recommend a good comedy film? the first season, with strange man and was good main role. the music hall in the russian agency of chinese world will come outside and chris go off the minis. the angel universe decidedly weak, go on. michael anderson. the end. the best movie was shown on a second season",No preference,,2025-08-26 01:43:32
Why do people love horror movies?,0,"why do people love horror movies? after the gospel as the genre on netflix as lindy chamberlain who was in 1999, is fascinating in new york city. the internet, are painfully static and respects wang as you are two crime drama. the britain which is deeply you never doubt horror movie. there is most of the","why do people love horror movies? and generally rest of the world trade center on the supernatural, and it is the audience shown on the test of the screenplay by the audience are perfect for executing it, now-a-days it isn't important movies so much, and the hard to the 1910s (the rules would be this movie's",No preference,,2025-08-26 01:43:32
What makes a movie award-winning?,0,"what makes a movie <unk> i realize that 3 reasons, when i was young, it was young, it was in thief's case out on dvd i realized how it was. many amazing special effects on the fdny and provided to big rock candy mountain where they returned are both amazing and heartbreaking. and yet it","what makes a movie <unk> washed to watch a noble it, but i'll be honest, situation <unk> story, so many <unk> i <unk> <unk> from the sight of a space camp. we got (and the pressures of human <unk> and if we are so methodically i think it was the characters were made it was",No preference,,2025-08-26 01:43:32
How did the director create suspense in Psycho?,0,"how did the director create suspense in psycho? this film. yes than many of the wit and the morning of this show host, part are not there. i know this look at serious messages of. see this movie. it isn't a date of extremely beautiful country and i know why the want to each other student and i","how did the director create suspense in psycho? almost always like 9/11 is just one can be our plot way to say successfully this film will make one of my favorite girl have been easily all ages. in that complex and sweet together since it is <unk> the eyes, is also seemed to be best. i can say",No preference,,2025-08-26 01:43:32
What are the characteristics of a good villain?,0,"what are the characteristics of a good villain? that pimlico in the age of a very early in the realm of the killer comments for ten minutes. the plug and the end of floods, we meet 'the vanishing') and to say that the stories by today's world and cheese: one of the only one random event, for this","what are the characteristics of a good villain? a war ii message of max and dreamy top story. this is the way above the time. it is the time. it is first shown in the rise of the same girl's with the final story is slow deliberate trying to the characters are marvelous set, her, they were good",No preference,,2025-08-26 01:43:32
Is the new Star Wars movie worth watching?,0,"is the new star wars movie worth watching? comes up at the same old games. the plot comes to look you kinda which is a young man that the world of the characters. people, characters. the characters. the characters. the characters. recommended this movie being a young girls in love of the time of the middle of the","is the new star wars movie worth watching? watch this is a brilliant in it's one of the most successful bad financial situation and it shows you are there; the first airing. i am pleased to play, to try to similar to get a real life with the quality while the action one is <unk> and difficult to",No preference,,2025-08-26 01:43:32
What is the most overrated movie of all time?,0,"what is the most overrated movie of all time? it's a first part because it is not to it. there are not really about a more than the great new but i am a real feel sorry for it. it is definitely one of those that the tank police, the tank police, formed with this movie doesn't have a","what is the most overrated movie of all time? it's unfortunate to be truly a good performance by james cameron charming and a lot more than i can be picked up for the original (a <unk> drugs & angel universe a lot of human <unk> <unk> anyway, the guy can be lots of <unk> <unk> <unk> washed up with",No preference,,2025-08-26 01:43:32
How has CGI changed the film industry?,0,how has cgi changed the film industry? now on this when it was one of the 90's best film ever made it wasn't that time when the first episode of the way of the taboo were dead husbands girlfriend last 25 years. paul lukas' performance brings tears to bring him while gédéon and his last longer than,"how has cgi changed the film industry? has been tickling my imagination for dreamy years, and i loved the character is a lot of the last five minutes and funny story is not very good and more speakers in the best, but it not sacrilegious, by the action up to the characters and the same line, the",No preference,,2025-08-26 01:43:32
What are the best movies for a date night?,0,"what are the best movies for a date night? of the 1994 movie women in the theory was so many out, hatred for many more, and the cast were great, and election occupies one story teller in the end of the cast title role, however, the obscure independence. in their way they live in hiding its secrets). one underlying",what are the best movies for a date night? although admittedly watching his performance when dave glad since then you don't even if you have not very enjoyable. also relies you have the film it's all the end and the if you believe that is very hard to real event of your eyes? in the characters. if you have,No preference,,2025-08-26 01:43:32
Why is Citizen Kane considered a classic?,0,"why is citizen kane considered a classic? documentary about domestic abuse way the ""sisters"" in law are female lawyers and judges who in 2004 successfully prosecuted husbands for abusive treatment of their spouses and won one woman a divorce she desperately wanted through a muslim council. it is rather long -- about two hours -- but fascinating","why is citizen kane considered a classic? time has to compare it is quite a movie of multiple levels. it looks realistic skin it is a cheesy sci-fi fans ideal female half a future who is happening however, the victims enjoy it) or war, we are thrown at that they use all the residents in a human",No preference,,2025-08-26 01:43:32
What are the differences between the book and the movie of The Shining?,0,"what are the differences between the book and the movie of the <unk> cybill and a fairly good, i love and it would only be a brilliant actor, who was amazing mountain and scary. were only one of the middle on one of those movies have, where you have serious before the show about the action packed and at the riveting of",what are the differences between the book and the movie of the <unk> something in the early 1930's to delivery. a horror film based on a glimpse of the classic ec over the classic doc savage (m.o.b.) them  that characters well meaning basic human passion of the young girls in their unrelenting witchhunt. i don't dare to see... until the pilot,No preference,,2025-08-26 01:43:32
Can you explain the ending of Inception?,0,"can you explain the ending of <unk> <unk> squad doesn't bash the whole chemistry between a different main characters and perfectly cast actors. i say, humour?) and not sure exactly where this movie great, ms. not only one or even if most of the singing much more than a bizarre condition that shows ben chaplin succeeds it","can you explain the ending of <unk> if the guy who is in their best of the stories. farewell, funny movie is about a man and is the power of course, the comedy rests on the point, being god is gay. and the film uses <unk> nighy is great, classic, classy and lots of guy in the",No preference,,2025-08-26 01:43:32
What are the themes in the Matrix trilogy?,0,what are the themes in the matrix <unk> design to the stargate old road rovers this film; in the larger and the individual has directed by the teaching profession lead me to believe that bromwell a successful practice of a fright memory includes impressive tourist then streets of them was uncomfortable around women in between a well-crafted little,"what are the themes in the matrix <unk> actually better billed <unk> the mask the book constantly on <unk> it was a great rock <unk> i really liked the whole film, <unk> it was extremely liked the video from the book ""evil angels"" and those 35mins <unk> and the book this was extremely canadian locale. <unk> it has",No preference,,2025-08-26 01:43:32
How do you analyze a film's cinematography?,0,"how do you analyze a film's cinematography? is beyond me. in the last few years, and my levels, and two leads always have been without being - that koolhoven's gives a bit slower than serling's version. gwyneth paltrow was one section and that was just was a pretty unique work, the movie that was just makes titanic","how do you analyze a film's cinematography? adventure with wit and beyond first script and rich young couple of course perfectly blends another busby berkeley will enjoy this movie, then you expect from the first inside the first place! i saw this movie to give it a tale of a story, or the result of good play",No preference,,2025-08-26 01:43:32
What makes a performance Oscar-worthy?,0,"what makes a performance <unk> well thought out by the <unk> feeling you get isn't, on the band. this case against a young teen and a life, when it was a digital timer at the man about the songs, a who's modern society. the time. i didn't think it was never watched the show when","what makes a performance <unk> is actually better than a film with a clever concept, fan of sexual new york city and has to make an interesting performances and its creepy atmosphere with enter the problems are great. i saw this film so much i saw this film would love story printed in the humour",No preference,,2025-08-26 01:43:32
Why are superhero movies so popular nowadays?,0,"why are superhero movies so popular <unk> bits by the <unk> celine of the <unk> modern times. looked fascinating and viewers, and president of them are having such as far as faced with an even more recent personal experience. for the kids good critics, his role, named night as the drug deal with two losers hope sheppard","why are superhero movies so popular <unk> good acting shines in this early 70's. daltrey dedicated to the very proud man, daddy, are very funny one-liners, and everything needed was going to a bad slasher genre and all the place of his romance. two ladies what happens to a bad editing there are very few subtle references",No preference,,2025-08-26 01:43:32
How important is musical score in a film?,0,"how important is musical score in a film? in post-apocalyptic seattle, then there is something positive to be equally different than being from the next julia and william cameron menzies helped out, pushing it more stories many other reviewers and have you get then you can get an intense the laughs (even if you believe in this film.","how important is musical score in a film? and a film that is something old own admission, the screen it is not recommended to the contrary, out of the film shows the transition off from working on the next generation. although, at the slow deliberate action, everything from the rich powerful lesson. several hours -- but one of",No preference,,2025-08-26 01:43:32
What distinguishes independent films from mainstream cinema?,0,"what distinguishes independent films from mainstream cinema? the mind ( besides 'am i went to see more pertinent in the steps years, and the world trade center tragedy on his conquest is constantly postponed. the characters. the same style as one was clearly meant to be the dream house"" shows a bizarre condition that hides but the","what distinguishes independent films from mainstream cinema? to the world by robert de niro and williams romantic adventure still very good 'ol bootleg market because it was a nice to a wonderful little boy in a wonderful film in some of the title. liam neeson was a very first experience of the female in fact, but was",No preference,,2025-08-26 01:43:32
Can a sequel ever be better than the original?,0,can a sequel ever be better than the original? and possibly the first movie i've been out of 10 mins or mad at the flat super mario 64 although i found that doesn't demand much more stories to see it and i've seen it and i loved the other sequels ever seen. the second review of vincenzo the other,"can a sequel ever be better than the original? story, excellent and every bit more, i have been made me hooked out with the story while two friends and the way they are great. the acting was ok sometimes in the comic book ""evil angels"" and the characters are not still do. the movie is angry first season two.",No preference,,2025-08-26 01:43:32
"After watching The Godfather, I think...",0,"after watching the godfather, i think... was all of all time. it offered by david mamet's i had a lot more entertaining story and had to go to blockbuster and overrated. it was not because it was a copy of rationing and i knew exactly what was interested in the actors in the morning i had","after watching the godfather, i think... films, i had me to give it a movie i find out loud at least this time to give it any other well actually, i am in my daughters me happy. :)",No preference,,2025-08-26 01:43:32
The cinematography in Blade Runner 2049 was…,0,"the cinematography in blade runner <unk> <unk> which is a traditional chinese mafia while the true story of an older gentleman and berserk over-the-top two weeks and learn from. can only be having frank capra great, and pretentious three separate <unk> towards the like! them decades. occasionally, some of the outside era. boy are a famous australian","the cinematography in blade runner <unk> <unk> 70's. offered by the husband eddie <unk> french title role, or another experimented are usually musical, that role. and get fooled again. the group with the beginning to make you face and eventually this film is what is hard to be seen for the building films of a star trek",No preference,,2025-08-26 01:43:32
Compare the acting styles of Meryl Streep and Cate Blanchett,0,"compare the acting styles of meryl streep and cate blanchett out of the main i have seen this series at imdb user rankings. maybe, it's one of those outlets shows 1930's chinese-mainland countryside as a film features end and when watching shows a tv series. it was one of the taboo testing and that seemed was well chronicled we should",compare the acting styles of meryl streep and cate blanchett but the first true story of a final older within living next couple interrupted by the boy from beginning of a young king ahmed regain his parents anxiety as some women) lead singer soon finds himself absolutely gorgeous.,No preference,,2025-08-26 01:43:32
What's the difference between Hitchcock and Nolan's directing styles?,0,"what's the difference between hitchcock and nolan's directing <unk> feature last night after the heroism of the songs, each linked to say that this is based on the mission to say that it's lackluster out of new twist that a documentary thriller that easy to it. the plot is so much stronger message of the plot is an interesting","what's the difference between hitchcock and nolan's directing <unk> tragedy from the three ladies on the very original 1963 series by a big reason lightning struck a glimpse of great songs but added so well done. robert standish, this movie comes to make an extremely well done. it´s <unk> nadia (nicole <unk> ordered by ""the plan their interest to",No preference,,2025-08-26 01:43:32
"Explain the evolution of superhero movies from 2000 to 2020, focusing on",0,"explain the evolution of superhero movies from 2000 to <unk> focusing on the same title, which would provide anthems like baba o'reily and wont futuristic first, silent, the baby boom, kolya, about a woman's fight against harsh injustice. the story line unravels a translator) told and combining that could have been and then this film itself will be taken a lot of","explain the evolution of superhero movies from 2000 to <unk> focusing on the great depression. ""42nd street"" and bad slasher flicks. the depression. ""42nd street"" and one really enjoy themselves. while most interesting to the get-go. when the idea of a real (as documentary didn't job done: the original series follows the laughs will be laughed out that has a thriller, a",No preference,,2025-08-26 01:43:32
"Describe the key elements of a successful romantic comedy, providing examples from",0,"describe the key elements of a successful romantic comedy, providing examples from the stargate sg-1 and a nice volumes while bodies are superb and a chance to get a police officer is no matter how crimes tells the big city. the victims enjoy it) or cholera outbreak, of the fire power of a cop by lanza, who has a device that their","describe the key elements of a successful romantic comedy, providing examples from the life in the dark film stands in the demon where we get introduced to military documentary ever episode of sg1(on television anyway)was that exists between two older but ends meet in season 1, etc., obviously imprint). i think princess from the sub titles sometimes wish i'd love to lay",No preference,,2025-08-26 01:43:32
EOF,0,"<unk> entertainment with a stellar cast, an outstanding script, and a firm grip on the approaching 1950's. at the time, rko was turning out classic noirs by the dozens. but whatever the value of those shadowy <unk> they reflected a war-time mood soon to give way the sunnier <unk> of the","<unk> hosted by robert deniro, presents footage from outside and inside the twin towers in new york, on september 11, 2001. never too grisly and gory, yet powerful and moving. ""9/11"" is a real treat. anyone not moved by this television show is immune to anything. 5/5 stars --",No preference,,2025-08-26 01:43:32
